Pregnancies,Glucose,BloodPressure,SkinThickness,Insulin,BMI,DiabetesPedigreeFunction,Age,y
2,99,0,0,0,22.2,0.108,23,0
1,93,70,31,0,30.4,0.315,23,0
0,188,82,14,185,32.0,0.682,22,1
1,196,76,36,249,36.5,0.875,29,1
2,108,80,0,0,27.0,0.259,52,1
1,133,102,28,140,32.8,0.234,45,1
5,108,72,43,75,36.1,0.263,33,0
1,173,74,0,0,36.8,0.088,38,1
3,108,62,24,0,26.0,0.223,25,0
1,102,74,0,0,39.5,0.293,42,1
